transaction_id,transaction_amount,transaction_time,merchant,fraud_label
1,549.2646904233974,2023-08-12 13:22:48,Bartlett Ltd,0
2,715.4741770060471,2024-03-08 01:51:45,Anderson Ltd,0
3,603.1606126955722,2023-08-08 17:22:51,Henry-Johnston,0
4,545.3382998139,2024-01-02 14:09:17,Neal-Hampton,0
5,424.2311445395658,2024-03-30 11:40:15,"Vasquez, Baker and Nunez",0
6,646.2482189535895,2024-02-22 21:23:41,Ross Inc,0
7,438.14962405142984,2024-04-06 05:47:07,Schneider-Young,0
8,891.8812277812976,2023-07-22 23:44:05,"Holder, Williams and Giles",0
9,963.6990977405283,2023-08-22 22:55:27,"Avila, Hernandez and Johnson",0
10,384.05807730695193,2024-07-11 08:11:13,Garcia-Wilson,0
11,791.933313044582,2024-04-17 15:59:18,May-Dominguez,0
12,529.3660248331515,2024-02-21 10:40:43,"Conley, Clements and Krause",0
13,568.4765165328383,2024-02-23 12:29:26,Austin-Sanchez,0
14,925.6710416543684,2024-03-26 10:11:52,Kline Group,0
15,71.96502213968905,2024-01-05 08:16:35,Martinez-Jensen,0
16,88.04217040183917,2024-04-09 00:20:27,"Shields, Hanson and Dixon",0
17,21.198179042885393,2024-06-03 18:01:49,Long Group,0
18,832.7872257023901,2024-03-20 21:09:37,Preston LLC,0
19,778.3785941989006,2023-10-02 00:05:25,"Perez, Moore and Moore",0
20,870.1421360985723,2023-10-01 23:37:48,Porter LLC,0
21,978.6397238905313,2024-03-12 00:46:01,Harris-Gonzalez,0
22,799.3594056525069,2024-04-11 11:01:18,Fleming-Hill,0
23,462.0178828906789,2023-09-13 01:10:22,Mcguire LLC,0
24,780.748647110169,2023-10-05 06:38:06,Davidson-Rojas,0
25,119.15615144306429,2024-01-06 05:30:12,Myers-Brown,0
26,640.2811003061963,2024-04-13 23:04:03,Whitney-Adams,0
27,144.20993412163736,2024-04-03 06:54:12,"Tyler, Perez and Norris",0
28,944.7242481325343,2023-09-08 00:08:35,Burns PLC,0
29,522.3264734283216,2024-03-01 21:37:37,Navarro-Petty,1
30,415.24727805053305,2024-07-01 16:50:38,"Allen, Steele and Spencer",0
31,265.29105649252233,2024-07-03 01:19:30,"Gomez, Terry and Hawkins",0
32,774.4594557447824,2024-05-22 11:41:18,Payne-Mcdonald,0
33,456.694181884332,2023-10-31 04:46:51,"Carrillo, Hudson and Silva",0
34,568.8655149197799,2024-03-20 15:52:13,Page-Williams,0
35,19.77101063591879,2023-08-16 21:41:34,"Stone, Nguyen and Harris",0
36,618.0178615788012,2024-02-12 17:01:59,Rivers-Wolf,0
37,612.483626999699,2024-04-07 06:12:31,Weaver-May,0
38,617.3170628778821,2023-12-25 05:09:06,Garcia Group,0
39,943.8043304361096,2024-04-29 01:56:48,Marshall PLC,0
40,682.1384788043799,2023-07-22 21:28:45,"Jordan, Hill and Glover",0
41,360.14839267321224,2024-07-09 01:19:29,"Juarez, Lozano and Bennett",0
42,437.5949218455421,2024-04-08 12:45:05,"Powers, Page and Cardenas",0
43,697.9335647313376,2023-08-29 23:58:25,"Rodriguez, Ramirez and Oliver",0
44,61.16524615764057,2023-10-14 09:23:49,Riddle Ltd,0
45,667.099948730222,2023-12-24 10:00:31,"Anthony, Horne and Obrien",0
46,670.9672317485413,2023-08-29 03:04:27,Crawford Ltd,0
47,211.17217851276706,2024-05-05 21:49:29,Fletcher-Tyler,0
48,129.79737135719844,2023-11-19 03:20:02,Heath-Brown,0
49,316.11292257325965,2023-07-30 04:22:50,Baldwin-Perkins,0
50,364.34706017167997,2023-11-22 06:49:36,Bell-Robinson,0
51,570.6265736474618,2024-04-14 14:43:46,Wade-Kelly,0
52,439.16291194885804,2023-08-29 11:16:21,Smith-Campbell,0
53,988.385464221167,2024-03-26 02:24:57,Golden Group,0
54,102.94276593728004,2024-04-08 10:57:15,"Reeves, Stevenson and Turner",0
55,209.66787933873985,2024-02-07 08:14:25,"Simpson, Lucas and Smith",0
56,162.14820836711127,2023-09-01 00:44:39,Waters and Sons,0
57,653.455217139933,2023-07-25 02:20:19,"Martin, George and Huynh",0
58,254.03831093724233,2024-03-08 19:30:12,"Maxwell, Burke and Singh",0
59,466.84446208344997,2023-09-07 11:41:34,"Ward, Liu and Gonzalez",0
60,245.18116640960113,2023-12-20 05:00:51,"Strickland, Foster and Shepherd",0
61,159.8106140618742,2023-07-26 08:27:49,Poole Inc,0
62,111.26476602314084,2024-07-09 23:34:57,Miranda-Tate,0
63,656.6732598758082,2024-02-10 22:13:00,Murray-Clark,0
64,139.0447683972652,2023-12-05 11:30:12,Lara-White,0
65,197.38577931837344,2024-03-01 19:41:28,Cox-Turner,0
66,369.35644549030314,2024-04-18 03:51:13,Jones-Johnson,0
67,821.1722366180871,2023-09-09 10:24:32,"Lawson, Davis and Watson",0
68,98.00417451726821,2023-10-01 16:51:38,"Cox, Avery and Edwards",0
69,838.1069625913051,2023-08-14 03:06:38,Wright-Lopez,0
70,97.00230948606911,2024-07-11 06:26:01,Nielsen PLC,0
71,976.4830055483824,2024-05-30 15:37:42,Hernandez Inc,0
72,469.1825504460539,2024-04-01 19:24:54,"Brown, Ross and Hernandez",0
73,976.7843271021468,2024-06-15 10:31:16,Miller Ltd,0
74,605.240674225301,2024-07-02 08:03:43,"Arias, Daniel and Vance",0
75,739.5243158189033,2024-05-21 23:22:41,Graham-Wright,0
76,40.14860446206635,2024-05-26 23:55:46,Cannon Inc,0
77,283.52415561383316,2023-11-25 08:22:31,Adams Ltd,0
78,121.07636465195574,2024-04-04 12:18:05,Stark Ltd,0
79,296.8440573246228,2024-07-02 23:03:14,Stevenson-Watson,0
80,119.6089912352898,2023-09-12 13:53:37,Hernandez-Hicks,0
81,318.66519621458207,2024-01-04 02:40:56,Navarro-Lam,0
82,414.8487315201553,2024-03-13 10:39:06,"Graves, Snyder and Mclaughlin",0
83,65.08334885243558,2024-04-10 14:11:03,"Graham, Maldonado and Harrison",0
84,692.7796472506499,2024-03-19 09:17:38,Davis PLC,0
85,567.0348527523686,2024-06-19 19:50:59,Wolf Ltd,0
86,266.124101448506,2024-01-07 22:54:27,"Burton, Aguilar and Hughes",0
87,523.724805413233,2024-01-10 03:17:50,Hubbard LLC,0
88,94.84657024768323,2024-02-22 07:20:19,Schmidt LLC,0
89,576.3705490606231,2024-05-14 04:45:02,"Neal, Jackson and Watson",0
90,929.3669013786379,2023-09-28 05:40:40,Washington-Carrillo,0
91,319.25038349887234,2023-12-06 02:37:44,Hicks Inc,0
92,667.742969583718,2023-08-08 05:51:08,Charles-Lee,0
93,132.6660645419878,2024-05-04 09:25:18,Werner-Frost,0
94,716.610876914447,2024-04-04 03:08:32,"Johnson, Brown and Rodriguez",0
95,290.1166868542539,2024-03-22 20:11:21,Howell-Vasquez,0
96,184.00817064510971,2023-10-12 10:36:31,Hudson-Marshall,0
97,586.926421875273,2023-09-24 12:48:14,Garza-Adams,0
98,21.087438641306058,2023-10-26 13:41:38,Sharp-Avery,0
99,829.1110891881457,2024-02-23 16:34:15,"Singleton, Bell and Brown",0
100,5.690780716354519,2023-12-27 07:57:07,"Schaefer, Hart and Gray",0
101,678.1387202594339,2024-03-15 17:23:26,Richards and Sons,0
102,270.7379652189727,2023-08-31 05:11:02,Nichols Ltd,0
103,735.4588281004723,2023-08-11 22:20:49,"Clark, Gutierrez and Gonzalez",0
104,962.2263565723208,2024-04-06 21:22:24,Rodriguez PLC,0
105,249.50439037643807,2024-06-22 09:28:44,Miller LLC,0
106,576.5811770834191,2024-06-06 09:04:39,"Gonzalez, Martinez and Fry",0
107,592.4498893405672,2024-03-19 17:16:56,Dominguez-Pham,0
108,572.6796538850825,2024-03-28 09:38:53,Gardner LLC,0
109,223.8585510079777,2023-11-25 03:54:34,Durham PLC,0
110,952.796262505468,2024-06-15 01:48:27,Allen Ltd,0
111,447.67825323900973,2023-08-08 20:01:03,Carter-Kennedy,0
112,846.5622637986567,2023-11-10 13:13:56,"Grimes, Campbell and Frederick",0
113,699.7797960421868,2024-04-08 21:00:40,Williams-Cook,0
114,298.13951390427854,2024-01-15 10:52:52,Smith PLC,0
115,813.9840218827748,2023-12-18 09:07:19,Grant Group,0
116,397.10923510613765,2024-03-03 05:15:37,"Patterson, Myers and Pollard",0
117,881.2220939140504,2023-09-08 14:26:24,Gonzalez Group,0
118,581.6915997632228,2024-01-10 17:01:10,Sutton PLC,0
119,881.8536264929979,2023-07-19 00:26:36,Liu Ltd,0
120,692.8390584876881,2024-06-13 14:42:33,Lawson and Sons,0
121,725.5290255398209,2024-06-18 17:44:22,Jones-Scott,0
122,501.82305754477557,2024-03-25 06:15:06,Cohen Inc,0
123,956.1275510885007,2023-10-12 12:11:20,"Thornton, Watson and Johnson",0
124,644.3462090304077,2023-11-09 02:25:39,Fernandez-Greene,0
125,424.4311935096215,2023-08-10 10:43:01,West-Black,0
126,606.7868209137964,2023-08-09 15:45:18,Smith-Miller,1
127,20.174005111024194,2024-04-09 23:28:04,Harris and Sons,0
128,302.2732418578748,2024-03-15 09:44:06,Allen Inc,0
129,660.5133639551924,2024-05-23 00:43:13,"Smith, Doyle and Rivera",0
130,290.7875296032336,2023-12-06 05:57:36,"Wood, Clark and Dean",0
131,618.3974135698427,2024-03-15 03:06:49,Howell Ltd,0
132,429.3399322448204,2024-02-10 17:35:37,Martin Group,0
133,136.3385901582278,2024-03-17 15:35:14,Yates-Johnson,0
134,298.9840436300747,2024-03-16 22:04:07,Blankenship LLC,0
135,570.3949457905636,2024-05-30 08:38:10,Fisher-Lee,0
136,591.281888486925,2023-09-29 16:58:59,"Davis, Mooney and Jackson",0
137,574.7509236007293,2024-07-03 22:44:16,Torres-Patel,0
138,653.5476190372765,2024-05-04 05:08:38,"Murphy, Ballard and Perez",0
139,652.4511667316872,2024-02-23 09:03:13,Rivera LLC,0
140,431.98701699853996,2024-01-12 06:08:19,Nelson Group,0
141,896.6500492552119,2023-08-05 04:20:56,"Patel, Castillo and Hogan",0
142,368.19430817784865,2023-08-26 12:15:34,"Castillo, Monroe and Price",0
143,436.42906034036116,2024-01-04 21:46:08,Sanchez Ltd,0
144,892.0314316606564,2023-07-21 10:44:26,"Anderson, Benjamin and Tucker",0
145,806.3877950570396,2024-02-13 09:06:12,"Foster, York and Blackburn",0
146,704.184694956826,2024-05-25 07:14:58,Irwin and Sons,0
147,101.12666042498881,2023-09-11 03:43:53,Banks Ltd,0
148,919.5631311309289,2023-10-05 10:55:52,"Lam, Singh and Mccarthy",0
149,714.5270582495623,2024-06-24 17:14:40,Jenkins Group,0
150,998.8481595612986,2024-02-26 20:11:58,Charles-Wilkins,0
151,150.29885635333576,2023-07-19 10:18:52,"Fletcher, Lynch and Haley",0
152,868.2579313108461,2024-07-10 13:10:25,Johnson Ltd,0
153,163.33044174169845,2023-10-11 19:33:24,"Ward, Simon and Curry",0
154,615.9440047195603,2023-11-30 20:21:09,Gardner Ltd,0
155,124.69616286659208,2023-10-02 04:33:50,"Wolfe, Dominguez and Berry",0
156,848.1602210929121,2023-11-30 16:54:20,"Walker, Spence and Hubbard",0
157,807.5116397662857,2023-10-11 06:59:30,Butler-Munoz,0
158,569.5316378759787,2023-11-21 12:49:57,Robertson Inc,0
159,407.77611392877367,2024-01-02 08:51:34,Morgan Group,0
160,70.09782845968292,2024-04-10 05:59:14,"Lewis, Phillips and Jacobs",0
161,697.731344371419,2024-06-02 01:05:07,Rios-Kent,0
162,454.0891399953908,2024-05-21 22:14:20,Campbell-Wells,0
163,722.3335438708775,2024-01-14 22:57:57,Willis-Smith,0
164,866.5159436027005,2023-10-26 06:39:32,"Dunn, Rice and Cox",0
165,975.545983497883,2023-12-10 10:17:44,Williams-Prince,0
166,855.9475390502184,2023-12-14 18:07:34,Norton Ltd,0
167,12.70237010081697,2024-04-24 03:14:24,"Parker, Nunez and Stephens",0
168,360.6180864138855,2024-01-18 07:07:23,"Pearson, Hatfield and Adams",0
169,730.2605718616339,2023-07-14 20:27:54,"Tate, Nichols and Ward",0
170,172.45804758417907,2023-08-29 02:28:07,Branch-Booth,0
171,521.5155695979252,2024-02-16 18:12:00,Cook and Sons,0
172,55.28365035091438,2024-02-09 07:52:39,"Allen, Cox and Powell",0
173,200.79652837150368,2023-12-28 15:07:10,Cook-White,0
174,19.503272666153357,2024-05-11 16:41:05,Wood Ltd,0
175,793.9040056540632,2024-07-10 20:57:38,"Owen, King and Brown",0
176,224.70076337231976,2024-06-11 12:55:31,Caldwell-Hansen,0
177,346.00632901620577,2024-03-30 14:35:46,Allen-Neal,0
178,928.1532121721253,2024-06-27 01:21:17,"Smith, Burton and Hill",0
179,704.7099875216093,2023-10-05 15:16:47,"Colon, Adams and Patton",0
180,32.80709060177654,2024-07-03 09:16:26,Wilson-Evans,0
181,165.52946234141484,2023-10-23 07:16:26,"Sutton, West and Gonzalez",0
182,621.8569230982638,2024-04-24 14:21:32,Ellis-Wilson,0
183,577.6513600155635,2023-09-08 12:51:38,Rogers PLC,0
184,238.6549285531341,2024-01-15 08:04:41,Larsen LLC,0
185,934.279783926869,2023-12-08 08:12:25,Allen-Underwood,0
186,614.3519900099301,2023-09-02 22:54:37,Chan-Oliver,0
187,536.0971702219333,2023-11-16 14:33:53,Coleman LLC,0
188,590.3200663782164,2024-06-25 06:22:23,"Frederick, Hayden and Copeland",0
189,730.3919074872529,2024-04-11 04:09:12,Day-Gonzales,0
190,312.63305048412224,2024-03-04 00:25:01,"Newman, Macias and Jones",0
191,398.8228411538758,2023-07-22 11:21:56,Long Inc,0
192,210.63390522614702,2024-03-07 03:13:23,Reyes Group,0
193,187.00681287445582,2023-12-29 03:44:32,"Jones, Williams and Freeman",0
194,944.4280175939497,2023-09-12 11:35:30,Juarez and Sons,0
195,739.8112442542383,2024-05-26 11:16:24,"Navarro, Figueroa and Evans",0
196,490.9683498089495,2023-09-16 09:25:27,Wagner PLC,0
197,228.1872133453499,2024-05-28 11:05:55,Mitchell-Leonard,0
198,255.10212528862255,2023-08-01 02:58:54,"Perez, Hernandez and Holmes",0
199,58.97113116355174,2023-08-28 11:27:12,"Peterson, Welch and Horn",0
200,434.9822089325626,2024-05-15 05:26:38,"Beard, Massey and Sanford",0
201,312.48408611210846,2023-09-23 03:45:07,Zimmerman-Simmons,0
202,696.647145326644,2024-07-12 06:01:32,"Richmond, Clark and Lynch",0
203,378.37408745318845,2023-10-16 16:09:03,Gutierrez and Sons,0
204,180.42407388207516,2024-03-02 08:27:58,Moore-Boyd,0
205,25.654049662939897,2024-05-14 08:22:44,"Barker, Stevens and Cooley",0
206,68.18238183178534,2023-12-11 18:17:24,Palmer Inc,0
207,679.7133807250688,2024-02-19 19:52:11,"Hernandez, Rodgers and Lam",0
208,454.24314771148926,2024-02-23 00:34:07,White Inc,0
209,537.0426318976134,2024-06-28 12:47:05,Cannon and Sons,0
210,896.7746217473018,2023-09-14 04:58:54,Garcia PLC,0
211,990.3486084493077,2023-09-13 09:39:41,Sanchez-Perkins,0
212,217.68008741407547,2023-12-06 16:46:18,"Perry, Tucker and Rodriguez",0
213,663.4151248970007,2024-01-23 11:49:56,"Perez, Shaw and Ford",0
214,264.0590543604135,2024-02-08 03:36:27,Hayes Inc,0
215,21.63034846626295,2024-02-18 17:08:16,Moore Group,0
216,758.6202751823052,2024-04-13 13:49:46,"Howard, Williams and Williams",0
217,320.69713367164536,2024-05-26 10:00:04,Tate-Johnston,0
218,384.08043027772607,2024-03-07 15:14:40,"Perez, Bean and Ortega",0
219,588.7287964400521,2024-07-07 03:13:18,Lee PLC,0
220,831.2174067809542,2023-10-26 06:49:35,"Fitzpatrick, Scott and May",0
221,629.3528617475575,2024-04-11 01:23:38,Myers-Bailey,0
222,872.7780047919479,2024-06-30 22:23:16,Williams Group,0
223,274.2684927808201,2024-02-13 15:01:13,"Walker, Stevens and Rivera",1
224,798.2487870786512,2023-11-09 07:20:27,Perez Inc,0
225,186.45030836164625,2024-01-05 20:21:55,Jones-Mendoza,0
226,952.8388653149726,2024-04-05 01:50:12,Richardson and Sons,0
227,687.8007881114274,2023-12-08 20:29:41,Carson-Boyd,0
228,216.29216943644488,2023-09-13 22:28:14,Harris Ltd,0
229,947.4232198984354,2023-12-13 19:58:52,"Kennedy, Perry and Mendoza",0
230,731.1249509633876,2024-01-29 21:40:58,Owens-Adams,0
231,254.68770095243082,2024-05-31 22:20:42,Nelson Group,0
232,214.0986653901145,2023-10-09 19:45:50,"Mills, Williams and Jones",0
233,518.6825132167326,2024-04-22 04:58:23,Campbell-White,0
234,26.637055336477044,2023-09-12 04:11:49,"Hester, Avila and Kim",0
235,208.2626053656683,2024-01-24 19:40:18,Drake-Patrick,0
236,425.26078328275474,2024-01-07 07:01:52,Greene LLC,0
237,374.79581035389134,2024-01-22 09:48:33,Sanchez LLC,0
238,464.1118489404459,2023-09-25 12:02:04,Davila-Smith,0
239,278.3510775884372,2024-04-27 12:56:59,Weber-Kim,0
240,587.1975621117106,2023-07-30 04:01:54,Vasquez and Sons,0
241,863.9917503173082,2023-11-17 13:18:08,Jones-Monroe,0
242,118.41432410607105,2024-03-03 05:06:54,Miller LLC,0
243,517.86172804696,2023-07-22 17:24:59,Sims-Gross,0
244,132.93603823880815,2023-09-24 01:03:02,Nash-White,0
245,717.142821511401,2024-07-10 22:35:23,Nixon Ltd,0
246,396.6636431044864,2024-07-07 16:57:30,"Mccarty, Taylor and Simmons",0
247,565.8558905466505,2023-09-13 09:52:30,Mitchell and Sons,0
248,184.09655637786454,2024-06-17 04:03:33,Jennings Inc,0
249,145.70291158403387,2023-11-19 21:52:35,Woodward PLC,0
250,488.5682243683056,2023-07-17 16:29:37,"Obrien, Fernandez and Tate",0
251,356.25712511210565,2023-12-17 03:16:52,Ortiz LLC,0
252,940.4915133075602,2024-01-31 11:46:20,Weiss and Sons,0
253,765.5599285531583,2024-03-15 13:25:25,"Hall, Lowe and Roman",0
254,748.9149562306967,2023-10-22 08:02:44,Miller-Wheeler,0
255,903.8160200061875,2024-02-22 01:41:07,Bishop-Reed,0
256,84.33901300657654,2024-05-13 21:59:31,"Smith, Soto and Collins",0
257,552.6402774524842,2024-06-17 12:00:45,Bowman-Hodges,0
258,584.8915928868131,2024-06-18 16:37:34,"Nicholson, Romero and Perry",0
259,961.9744421686818,2024-03-22 20:53:48,Nichols-Herman,0
260,292.8553792657563,2023-08-20 17:34:32,York-Holland,0
261,241.58795113553137,2024-02-11 08:33:45,"Ponce, Morris and Brooks",0
262,101.19364832323232,2024-05-28 17:56:37,Espinoza-Cunningham,0
263,17.41319996188273,2024-04-18 09:38:44,Hansen-Blackburn,0
264,929.5997874753983,2023-09-23 02:26:03,Nguyen Inc,0
265,670.2466300443191,2024-05-11 16:56:07,"Oliver, Crosby and Torres",0
266,785.3677591111147,2024-01-31 13:25:18,Young-Gallegos,0
267,282.4483756481951,2023-10-06 10:22:20,Krueger-Terrell,0
268,586.8237560201403,2024-03-30 06:13:51,Fuller-Walters,0
269,64.89131085486014,2023-08-31 09:43:14,"Cole, Vega and Clarke",0
270,486.1419683386883,2023-11-21 15:55:41,"Lambert, Floyd and Bryan",0
271,977.5176446047024,2023-09-03 14:39:58,"Miller, Dunn and Scott",0
272,876.6287400712743,2023-08-31 02:25:31,Wall-Li,0
273,338.8207928850088,2024-06-14 13:02:41,Ross-Hayes,0
274,961.608584386957,2024-05-05 16:19:32,Hines PLC,0
275,232.4699248447333,2024-05-15 01:18:20,Jones-Matthews,0
276,949.3695035932658,2023-09-22 22:45:19,Hull-Simmons,0
277,941.4363270017922,2024-04-11 05:26:03,Vargas PLC,0
278,799.4033847650393,2023-07-27 23:02:04,Sutton Inc,0
279,630.8174889299244,2024-03-16 10:55:17,Wilson Inc,0
280,874.413678658322,2024-01-21 12:51:21,Young-Richards,0
281,293.7272642232889,2023-11-22 11:01:21,"Douglas, Davis and Burton",0
282,849.0946117576053,2024-05-15 16:05:02,Rocha-Griffin,0
283,618.2588152256063,2023-11-20 01:50:09,"Armstrong, Hernandez and Green",0
284,14.22362090114059,2024-01-24 19:12:23,Hernandez-Dean,0
285,347.88628441428733,2023-10-23 15:03:29,Johnson-Hubbard,0
286,148.99272008721687,2023-07-23 17:13:58,Camacho Ltd,0
287,981.8475604284349,2024-04-03 02:23:43,Miller and Sons,0
288,478.89193673294807,2023-12-06 06:49:04,Farrell-Brown,0
289,497.893974133164,2024-01-07 22:29:38,"Hays, Myers and Davenport",0
290,639.8330438823249,2024-03-11 09:43:11,Padilla Ltd,0
291,369.2160215234879,2024-06-21 17:42:31,"Gonzales, Hines and Mitchell",0
292,137.76337141391332,2024-06-18 06:32:12,"Johnson, Smith and Morris",0
293,822.2956154610513,2024-02-11 20:56:06,Gregory and Sons,0
294,190.6580639908552,2024-05-02 03:09:28,Reed and Sons,0
295,511.80766356390956,2024-06-08 01:31:49,Dickerson Inc,0
296,225.09271194576453,2024-05-23 12:35:29,White-Mack,0
297,98.74664000954002,2024-03-22 16:08:53,"Dickson, Bell and Smith",0
298,862.3293259042616,2023-12-25 17:24:18,Boyd PLC,0
299,972.9465695341072,2023-11-27 18:48:00,Green-Lynch,1
300,960.8738234049372,2023-07-23 15:32:14,"Lopez, Frank and Kennedy",0
301,906.6489437219577,2024-05-07 00:46:04,Weber-Baldwin,0
302,774.2732853659402,2024-02-13 01:25:41,"Reed, Bird and Frank",0
303,333.8120068766133,2023-08-10 13:31:37,Patton-Bell,0
304,82.02028859800876,2024-02-20 01:47:22,Shelton-Lee,0
305,407.83393024239354,2024-01-22 22:17:33,Floyd Inc,0
306,233.0019080287718,2023-10-26 06:40:49,Norton LLC,0
307,133.35514712322498,2024-04-01 15:02:03,Schwartz-Wright,0
308,54.373754605038435,2024-04-10 13:59:18,Nash Ltd,0
309,725.8687698463682,2024-04-15 22:29:07,"Gonzalez, Brown and Holloway",0
310,12.416031166405997,2024-01-21 09:34:05,Campbell Group,0
311,770.8101677542735,2023-10-02 10:26:37,"Fields, Mckinney and Singleton",0
312,147.79969875497468,2023-10-26 16:38:45,Murphy LLC,0
313,80.442560504169,2024-04-11 16:06:01,Parsons Ltd,0
314,90.51343120436678,2024-06-04 09:28:34,Franklin Ltd,0
315,672.3757595465605,2024-03-26 18:20:04,Murray-Zimmerman,0
316,246.12184264299194,2024-01-31 06:13:53,Williams Group,0
317,421.1189272134184,2024-06-19 15:23:47,Archer-House,0
318,557.811422532593,2024-06-29 06:57:28,Morgan-Hoover,0
319,860.690622654965,2024-03-30 13:57:33,Young-Hughes,0
320,727.3172184486169,2023-10-16 18:58:20,"Wright, Jackson and Thomas",1
321,271.05757733347593,2023-11-04 14:18:51,"Peterson, Flores and Burgess",0
322,132.35131649183649,2024-07-09 01:14:15,Lindsey and Sons,0
323,56.31894610077674,2024-02-26 17:22:35,Brown PLC,0
324,302.29703584646154,2023-11-23 06:40:52,Lam-Marshall,0
325,262.8560310904386,2024-04-23 00:03:50,"Sullivan, Castillo and Jefferson",0
326,456.6844262336792,2024-02-09 04:12:13,Wallace-Turner,0
327,683.5980542121328,2024-04-14 05:51:20,"Adams, Herman and Lopez",0
328,695.9298201932183,2024-02-08 02:42:03,"Swanson, Rojas and Walters",0
329,284.23532773558446,2024-05-25 21:08:38,Johnson LLC,0
330,380.54702894422036,2024-05-20 10:44:20,Bailey-Brady,0
331,181.96981077516614,2023-08-11 23:04:01,Clay Ltd,0
332,788.7569667942122,2024-04-07 15:09:12,Hill-Carter,0
333,57.79122835680706,2023-10-09 08:42:13,Green-Bradshaw,0
334,697.3002444832623,2023-11-13 14:12:41,Barr PLC,0
335,778.9167005451623,2023-12-20 22:12:27,"Cochran, Quinn and Blanchard",0
336,777.6301542869044,2023-10-22 18:56:39,Woodard-Jones,0
337,260.1631417810096,2023-08-29 23:34:08,Howard Group,0
338,374.4393247946289,2023-11-08 15:43:51,Valentine Group,0
339,588.0120355611926,2024-05-11 16:27:16,Brooks Ltd,0
340,273.5490805220426,2024-07-12 00:00:42,Hudson-Grant,0
341,371.4819464186708,2023-10-10 11:37:10,Bullock-Ryan,0
342,197.85722590545402,2023-07-15 14:44:42,Hopkins-Sexton,0
343,460.3960278722514,2024-05-01 14:48:27,Stanley and Sons,0
344,45.56768895285997,2024-06-21 04:13:47,"Martinez, Kelly and Soto",0
345,799.9960886860474,2023-08-04 18:23:48,"Ward, Kramer and Davidson",0
346,77.8794905396461,2024-01-25 11:44:48,"Jones, Vazquez and Price",0
347,519.3163136826945,2023-12-15 10:02:16,Wagner PLC,0
348,307.5032894456509,2023-09-29 13:02:44,Lara Ltd,0
349,577.9654058825441,2024-05-18 09:10:24,Lewis LLC,0
350,959.4739074925917,2023-07-30 05:32:32,"Velasquez, Newton and Cooper",0
351,645.9246742115479,2024-03-21 13:27:10,Stewart-Gordon,0
352,36.327073319735426,2023-11-28 05:18:17,"Casey, Willis and Howe",0
353,430.97203706855316,2023-07-13 17:07:36,Harris-Leonard,0
354,510.506835465932,2023-07-25 01:12:58,"Anderson, Dixon and Nguyen",0
355,536.6413172087485,2024-02-23 14:45:09,Morales-Lopez,0
356,681.7111180932341,2023-12-12 05:42:09,Shea-Walsh,0
357,278.3185016340343,2024-05-14 20:24:35,"Mccoy, Russell and Knight",0
358,129.73170490085386,2023-10-04 17:24:46,"Wilcox, Joseph and Myers",0
359,393.28300087054726,2024-04-01 18:08:48,Romero-Romero,0
360,956.4493170731529,2024-02-08 06:50:13,Griffith LLC,0
361,187.94376085909389,2023-12-09 02:19:17,Farley-Lopez,0
362,904.0799709733088,2023-10-14 02:13:53,Morales and Sons,0
363,544.262144127249,2024-05-18 21:19:57,Higgins-Coleman,0
364,457.45451022412004,2023-09-15 02:14:42,Anderson-Mccann,0
365,882.1593688196597,2024-06-11 06:54:56,"Hernandez, Soto and Meyer",0
366,459.1453578068173,2023-11-30 14:14:34,Hernandez-Rodriguez,0
367,724.4434689749318,2023-11-22 02:32:24,"Simpson, Carr and Wood",0
368,399.6262963813989,2023-08-30 13:29:00,Olson Group,0
369,904.1403485080567,2024-02-10 01:59:56,Cox-Fitzpatrick,0
370,690.3349951710361,2024-06-23 01:18:43,Robles-Boyle,0
371,699.9224321962662,2023-10-20 15:59:47,Ball LLC,0
372,328.3926811555618,2024-01-28 16:34:41,Flores LLC,0
373,757.0218640941523,2023-09-21 15:03:15,Mcneil-Kelly,0
374,636.4249943916942,2024-01-20 15:00:19,Bernard LLC,0
375,240.78025310632984,2023-12-05 21:50:27,"Mcdonald, Parsons and Parker",0
376,161.37828366277117,2024-03-19 05:36:24,"Marsh, Sanchez and White",0
377,796.5950830428144,2024-02-05 20:21:31,Travis-Levine,0
378,959.2074364321873,2024-05-07 09:18:52,Boyd Group,0
379,458.6806884327828,2024-01-13 02:27:32,"Mcclure, Phelps and Smith",0
380,591.3931811583612,2024-02-18 23:51:45,"Mason, Lara and George",0
381,857.864921549361,2024-02-17 12:30:37,Flynn-Price,0
382,457.7662299005032,2024-02-10 02:25:07,"Randolph, Bates and Johnson",0
383,951.9226023559035,2024-06-24 18:16:32,"Perez, Murphy and Jackson",0
384,576.1754108828276,2024-04-18 00:51:24,King-Jones,0
385,820.9463535806136,2023-09-01 01:14:37,Fernandez-Molina,0
386,908.9348746943256,2023-09-27 14:03:41,"White, Petty and Simon",0
387,815.7082949498002,2023-08-07 04:29:39,Colon PLC,0
388,160.255048985507,2024-01-30 22:27:29,Graves and Sons,0
389,629.2695406226387,2023-10-31 05:43:38,"Wells, Singh and Galvan",0
390,399.0358243610574,2023-08-10 04:39:54,Davidson Group,0
391,63.65023907132236,2024-03-21 16:54:53,Smith-Quinn,0
392,424.6082196379521,2023-10-16 21:27:10,"Jackson, Herrera and Rodriguez",0
393,259.4253828225183,2023-10-29 08:52:03,White-Butler,0
394,849.1892701200823,2023-08-11 07:51:28,Krause PLC,0
395,34.2713219201495,2023-12-22 01:40:36,Fields-Vargas,0
396,959.0237391416101,2023-10-29 17:26:05,Obrien-Jensen,0
397,356.01347962345767,2024-01-12 03:32:13,Anderson Inc,0
398,357.35018351214035,2024-04-26 06:35:06,Faulkner PLC,0
399,17.312174181024183,2024-02-03 19:57:22,Hawkins-Holmes,0
400,186.04709291094775,2024-01-06 16:53:10,"Norton, Moore and Thomas",0
401,401.85824130280514,2024-04-20 15:56:34,"Tran, Strickland and Christensen",0
402,929.3621258854112,2023-09-13 22:27:10,Cook-Lee,0
403,100.51531529105006,2024-03-12 16:16:09,Hooper and Sons,0
404,945.3562319456005,2023-08-31 02:09:54,"Garcia, Perez and Miles",0
405,869.6190420160856,2024-04-15 09:59:57,Berg-Hall,1
406,454.7082345106442,2023-10-22 16:03:07,Lewis-Caldwell,0
407,327.3741808864918,2024-04-15 06:01:10,Hawkins Inc,0
408,233.5113851497778,2024-01-08 04:34:01,"Diaz, Parker and Moore",0
409,614.8502417703975,2023-08-18 09:24:03,Marquez Group,0
410,34.041516884030116,2024-01-03 01:22:51,Byrd-Peck,0
411,16.59045838238139,2023-11-04 08:28:35,Moore and Sons,0
412,429.3669267757396,2024-05-21 19:59:32,Lewis-Garcia,0
413,69.00599990074548,2024-02-04 08:13:40,Wagner-Taylor,0
414,252.6890472578468,2023-11-25 19:00:01,Turner PLC,0
415,221.93975443073776,2023-11-25 07:30:18,Adams-Chen,0
416,253.93800252912908,2024-06-29 09:04:12,Gross-Jenkins,0
417,131.9241759840425,2023-12-25 15:51:09,Roberts-Anderson,0
418,13.024186674756615,2023-11-02 19:44:32,"Brady, King and Rodriguez",0
419,116.36881284160934,2023-08-16 07:45:01,Gray-Graves,0
420,618.8617792532351,2024-05-03 02:46:35,"Ford, Brown and Campbell",0
421,974.2819566052323,2023-12-08 05:19:24,"Finley, Tucker and Thomas",0
422,990.354656559333,2024-06-01 03:04:38,Hernandez-Williams,0
423,409.6450412776885,2024-03-24 02:22:55,Anthony Group,0
424,163.79147162055875,2023-09-30 23:39:21,Taylor-Park,0
425,639.1229956091628,2024-06-07 11:49:26,Diaz and Sons,0
426,490.8150412021884,2024-02-16 22:19:17,Maldonado-Mcclure,0
427,989.420367507147,2024-05-13 03:25:31,"Franco, Patterson and Hobbs",0
428,66.23890294462842,2023-11-02 11:04:12,"Jones, Garcia and Mcdonald",1
429,783.4512038754993,2023-12-16 01:59:38,"Stewart, Glass and Torres",0
430,289.11009883416244,2023-07-17 06:14:25,Sampson PLC,0
431,242.17720145649741,2023-09-14 10:57:18,Hammond Group,0
432,662.8420669611432,2023-12-20 01:25:45,"Leonard, Moore and Solomon",0
433,246.8171218059735,2023-07-21 01:46:10,Jones-Myers,0
434,666.1932584416285,2023-07-17 11:36:07,Fernandez-Farmer,0
435,517.7912086850865,2024-02-18 00:48:51,"Brown, Buchanan and Jones",0
436,424.66489944741346,2024-04-08 20:43:31,Mccall-Jordan,0
437,555.1331208527575,2023-07-26 19:23:33,"Kane, Adams and Garcia",0
438,287.7644683997101,2023-12-13 20:39:31,Adams-Martin,0
439,706.868131566706,2024-03-11 15:41:05,"Glenn, Cardenas and Fields",0
440,415.44201246423046,2024-04-22 20:21:46,Vasquez and Sons,0
441,361.1850149254064,2024-04-12 15:49:38,"Jones, Singh and Kirk",0
442,828.8282576411821,2024-03-30 11:30:23,Rivas and Sons,0
443,925.0419450412389,2024-06-17 14:43:04,"Johnson, Nguyen and Vasquez",0
444,46.96130357640963,2024-07-12 09:32:27,Mason LLC,0
445,233.39436583693575,2024-07-03 06:58:34,Schmidt-Taylor,0
446,349.1708501230707,2023-10-13 12:44:12,"Burton, Walton and Walker",0
447,815.1515128908771,2024-05-17 02:54:46,Wilson and Sons,0
448,985.5059362156543,2023-12-19 04:12:58,"White, Houston and Perez",0
449,969.0027329656814,2024-05-29 22:11:53,"Thompson, Crane and Williams",0
450,905.0433972043769,2024-02-21 13:58:01,Hobbs-Smith,0
451,297.25970879896585,2024-01-17 05:52:18,Adams PLC,0
452,992.0192321710597,2023-11-07 05:04:07,"Rosales, Lewis and Johnson",0
453,250.17062101539477,2024-01-26 02:51:31,Swanson-Barrera,0
454,106.80024872734998,2023-10-05 10:35:05,Martinez Inc,0
455,951.0016584443387,2024-04-16 06:17:04,"Lee, Russell and Turner",0
456,234.1868352126282,2023-09-02 15:31:54,Robertson Ltd,0
457,690.0784968126727,2024-01-18 13:25:43,Lane Ltd,0
458,59.29800262160808,2023-10-21 05:39:40,Mendoza Inc,0
459,730.9783900283487,2023-12-30 06:26:12,"Lee, Murphy and Hernandez",0
460,881.8384921215059,2024-04-26 15:10:48,Hopkins Group,0
461,273.16445857049655,2024-04-30 14:13:38,Bruce-Porter,0
462,379.6778391813511,2023-11-06 00:44:25,"Quinn, Thomas and Bailey",0
463,374.92188713759515,2023-08-20 23:52:42,Powell Group,0
464,749.039469282593,2023-10-16 00:51:53,Swanson-Martinez,0
465,238.5694352964998,2023-08-11 03:10:04,Cox-Tran,0
466,172.68124594859538,2023-11-29 23:07:09,Stewart-Alexander,0
467,449.84235703905034,2023-09-08 10:11:53,"Edwards, Lane and Rodriguez",0
468,305.1639389699422,2024-05-23 07:23:35,Ray-Wilson,0
469,839.3499331363937,2023-11-22 14:01:50,Mills-Davis,0
470,238.50408418962311,2023-08-05 20:34:44,"Stephens, Henry and Mcdaniel",0
471,502.8870680317722,2024-05-13 12:48:49,Finley-Bird,0
472,942.6410160982324,2024-02-13 14:50:03,Adams-Rogers,0
473,634.363700046916,2024-06-12 18:38:47,Smith Group,0
474,867.4221160570023,2023-09-16 20:14:55,Davis-Brown,0
475,940.2694796654125,2024-01-20 05:56:25,"Martinez, Sims and Murphy",0
476,751.0140970244656,2023-08-01 13:28:56,Robinson and Sons,0
477,699.8754851645266,2023-10-03 19:43:31,Alvarez PLC,0
478,967.9976010376229,2024-03-06 18:00:41,Park Ltd,0
479,994.4063888580317,2024-05-14 01:09:54,"Graham, Robinson and Beard",0
480,452.36986098708985,2024-02-07 00:09:35,"Michael, Johnson and Delgado",0
481,71.79890840602415,2024-03-13 03:53:25,Buckley-Gardner,0
482,293.5012374090783,2023-07-25 03:18:45,"Heath, Ritter and Sanchez",0
483,153.20235098204273,2024-03-29 15:57:09,Young LLC,0
484,418.0688884212158,2023-08-24 13:25:10,"Jordan, Evans and Luna",0
485,132.15803914478278,2024-04-27 22:04:48,Callahan Ltd,0
486,604.5136862168611,2023-09-30 23:57:30,"Wilson, Lee and Fry",0
487,383.42525109869626,2023-07-28 11:56:20,"James, Griffith and Nolan",0
488,895.4904984039217,2023-08-01 15:00:46,Rodriguez Inc,0
489,967.8268771267034,2024-06-25 08:33:21,Roy and Sons,0
490,547.3380167677527,2023-11-17 10:51:51,Sanders and Sons,0
491,275.548746297729,2023-09-05 11:19:52,Morales-Rice,0
492,592.638188343075,2023-12-26 07:55:34,Hoffman-Sanchez,0
493,896.8643970661855,2023-11-19 02:05:18,"Jones, Cole and Cortez",0
494,407.3266124899125,2023-12-05 12:29:18,"Pugh, Flores and Johnson",0
495,552.5261984152788,2023-10-18 15:58:24,Kane-Garcia,0
496,272.3811148385397,2023-10-16 21:26:44,Lambert Ltd,0
497,455.98870530057695,2023-09-30 01:45:54,"Short, Taylor and Jones",0
498,402.311821844219,2024-02-27 09:51:26,Lewis-Smith,0
499,249.16505161788805,2023-12-14 01:10:53,Estrada LLC,0
500,506.36051744148307,2024-03-03 13:49:48,Lopez-Brown,0
501,311.0704451538316,2023-12-12 19:34:06,Bryan-Kidd,0
502,373.6618290168667,2023-10-21 04:52:37,"Mejia, Lee and Brady",0
503,525.4454718120099,2024-04-25 16:08:01,Holmes-Moses,0
504,750.8444279060585,2024-07-02 11:54:33,"Combs, Oneal and Gibbs",0
505,334.173958325484,2024-02-23 07:26:59,"Sanders, Kane and Owens",0
506,924.2346078541428,2023-12-02 17:17:06,"Lopez, Walsh and Abbott",0
507,862.4562282890664,2024-03-01 07:48:45,Munoz and Sons,0
508,49.64160567955301,2023-08-04 03:52:23,Eaton-Carter,0
509,254.38888173256595,2023-11-08 13:19:38,"Thomas, Bean and Morales",0
510,446.6893771465427,2024-04-24 07:20:34,"Sanchez, Waters and Campbell",0
511,105.52326085373161,2023-12-15 02:35:57,Jones PLC,0
512,349.12751304446357,2024-03-22 18:15:03,Davis-Montgomery,0
513,740.3574280920648,2024-04-08 11:21:01,Chapman-Miller,0
514,680.833966661683,2024-01-10 04:03:29,"Lee, Cunningham and Hayes",0
515,622.7620441374388,2024-04-07 19:01:13,Glass-Cook,0
516,710.8178743196232,2024-02-10 05:02:20,Lopez Inc,0
517,205.71876327274205,2024-03-08 09:38:58,Rodriguez PLC,0
518,342.3564167498674,2024-02-18 03:29:41,"Stanton, Allison and Ellis",0
519,676.5662397951854,2024-01-14 01:26:08,Key LLC,0
520,879.3555282682958,2023-09-23 16:35:14,"Hensley, Stanley and Mcmillan",0
521,544.1343757742671,2024-01-07 05:06:12,Gonzalez-Stark,0
522,283.41695129459106,2024-01-27 18:04:01,Young Ltd,0
523,31.205022747976606,2024-02-17 05:13:54,Williams-Miller,0
524,710.6264921452391,2023-09-30 21:23:16,Strong-Dominguez,0
525,8.876219404931936,2023-08-14 02:09:58,Graham LLC,0
526,373.30639075117455,2024-05-02 16:30:34,Giles and Sons,0
527,531.006677348219,2023-09-20 07:03:00,Garcia-Tucker,0
528,922.1893503054258,2023-11-22 09:01:42,"Graham, Michael and Sexton",0
529,90.40505048786721,2023-08-05 00:24:11,Gallagher-Lopez,0
530,406.5363796463154,2023-09-20 18:09:14,Duncan Group,0
531,25.288886510447615,2024-01-27 11:25:16,Thomas-Craig,0
532,343.2683733572487,2023-12-18 06:57:42,"Bryant, Vega and Green",0
533,622.6088277809552,2023-10-17 15:20:58,Miles-Adkins,0
534,279.78888028036977,2024-04-07 00:50:39,Morris Group,0
535,210.54019970597946,2024-07-05 11:36:10,"Love, Shaw and Johnson",0
536,116.58753009376655,2024-05-12 17:41:01,"Johnson, Blanchard and Williams",0
537,577.5631037763214,2023-11-24 09:00:17,"Freeman, Crawford and Jones",0
538,695.5747358987813,2024-06-22 11:23:58,Fritz PLC,0
539,672.2851834552265,2023-12-21 16:05:32,Campbell-Williams,0
540,948.9121596997869,2024-07-08 21:14:38,Mcbride and Sons,0
541,3.7005106796091956,2024-04-18 03:27:14,Gonzalez PLC,0
542,647.549457240142,2023-07-30 14:04:03,Rodriguez Ltd,0
543,600.7918448605419,2023-10-05 13:32:17,Brown-Salinas,0
544,589.1508703603179,2023-08-21 14:52:17,"Lopez, Middleton and Ritter",0
545,962.8075495204022,2024-06-10 07:09:34,Cooper-Dunlap,0
546,17.854801696669657,2024-06-23 18:58:05,Gray Group,0
547,696.7859482707487,2024-01-28 04:57:17,"Daniels, Baker and Wilson",0
548,813.8649710521615,2024-03-16 18:12:36,Nelson and Sons,0
549,510.29738942496255,2023-09-10 05:55:58,White Group,0
550,334.63090472721234,2023-07-29 00:10:03,Ross LLC,0
551,791.0493230641775,2024-03-14 08:02:07,Wilkinson Ltd,0
552,98.14568270679223,2024-01-13 05:33:14,Adams Ltd,1
553,442.59360209219534,2024-05-24 00:27:42,Villanueva-Bowen,0
554,520.4324221962673,2023-11-21 17:45:18,"Brown, Bond and Taylor",0
555,694.262454523613,2023-08-06 04:26:01,"Taylor, Gonzalez and Jones",0
556,91.79484630037705,2023-10-21 17:13:29,"Davis, Franklin and Malone",0
557,228.5317420363231,2023-07-18 21:58:58,Reyes-Gregory,0
558,410.8912611274355,2023-11-20 10:03:13,Hughes Group,0
559,623.6713783471105,2023-10-16 00:07:39,Oconnell and Sons,0
560,887.0738204362001,2024-06-08 17:17:18,"Gordon, Richardson and Anderson",0
561,619.2073420731351,2024-01-27 10:47:16,Smith-Gray,0
562,134.3280094639995,2023-11-10 15:45:30,"Nelson, Randolph and Jones",0
563,980.5995526544951,2024-01-18 18:53:24,Vazquez-Bailey,0
564,871.9139490207374,2024-04-11 13:19:26,Ward-Bell,0
565,503.2180403841787,2024-01-23 23:55:25,Welch PLC,0
566,922.4256338148364,2023-08-12 03:06:03,"Phillips, Hill and Combs",0
567,541.8394129633787,2023-09-20 14:21:30,Marshall PLC,0
568,923.382761821274,2024-05-01 06:13:41,"Cooper, Ray and Perez",0
569,830.0674712347399,2023-10-02 04:57:52,Carpenter-Romero,0
570,968.318123884003,2023-10-30 12:17:43,"Cooper, Bryant and Reed",0
571,919.8630279673802,2023-09-28 06:23:47,Campbell and Sons,0
572,36.99778361114091,2023-11-24 23:35:49,Johnson-Ellis,0
573,175.59723215677903,2023-12-21 11:40:28,"Jones, Sharp and Jones",0
574,389.7455424240846,2023-12-24 07:56:47,"Garcia, Terry and Wagner",0
575,952.1905545981253,2023-11-29 18:07:54,"Wright, Roberts and Porter",0
576,300.7288905564536,2024-04-26 07:14:23,Stanley-Bush,0
577,161.30717624371343,2023-09-27 13:30:59,"Barron, Houston and Brown",0
578,886.4183614204733,2023-07-17 01:12:24,"Kramer, Scott and Chavez",0
579,446.9480210677197,2023-07-21 13:02:33,Campos PLC,0
580,907.9677187599717,2023-10-29 11:02:39,Horton Group,0
581,161.0702358538231,2023-08-23 18:29:58,"Moore, Neal and Campbell",0
582,661.4563939965914,2023-10-28 20:47:32,Johnson-Nelson,0
583,440.8234890766623,2024-03-11 15:30:18,Rodriguez and Sons,0
584,77.4102822612551,2023-11-02 03:36:47,Washington Group,0
585,696.766681507848,2023-09-27 19:30:49,Bradley-Galvan,0
586,248.15135678361455,2023-08-05 09:57:50,Hernandez and Sons,0
587,40.575907056938206,2024-05-12 22:58:51,"Ellison, Frazier and Powell",0
588,60.88435395132368,2023-11-26 10:32:06,Lowe Ltd,0
589,62.01745852972056,2024-02-21 12:38:47,Martin-Johnson,1
590,907.8252245275544,2023-10-15 17:08:47,Franklin-Waller,0
591,740.1440339112719,2024-06-19 00:14:03,"Duran, Owen and Martinez",0
592,898.1642948565213,2023-12-18 07:05:49,"Weeks, Williams and Cobb",0
593,672.9097289852248,2023-09-13 00:12:20,"Brown, Simon and Phillips",0
594,529.4109891018522,2023-09-09 19:28:03,Pham-Garcia,0
595,305.1419179830309,2023-07-16 06:41:09,"Sanchez, Wallace and Herrera",0
596,997.9642890773448,2024-02-28 12:43:24,Spencer and Sons,0
597,362.82686988045,2024-05-01 15:36:19,"Crawford, Saunders and Stout",0
598,471.1783002646956,2024-02-02 11:03:48,Mann-Harris,0
599,378.8669297485383,2023-11-01 22:25:30,Erickson Ltd,0
600,979.5474024061232,2023-10-24 08:27:07,Skinner-Liu,0
601,175.48372700961076,2024-04-09 22:47:01,Williams-Jackson,0
602,328.66001290717156,2024-05-29 08:22:51,Campbell-Holt,0
603,680.6683173489865,2024-05-31 11:20:34,Smith-Boyle,0
604,64.14441072029202,2024-01-05 07:58:19,Gentry-Mays,0
605,607.6421246375295,2023-08-10 07:29:08,Baker-Ruiz,1
606,478.16885637353965,2024-05-15 11:14:02,"Murphy, King and Park",0
607,284.71597678533897,2024-06-21 22:58:11,"Ramirez, Neal and Walker",0
608,239.17486764313395,2024-04-06 11:08:29,"Rodgers, Bartlett and Ramirez",0
609,514.998230555458,2023-12-29 21:50:54,Ford LLC,0
610,368.5596529565043,2024-02-06 13:43:34,"Lopez, Martin and Campbell",0
611,457.0633713713927,2023-11-19 17:24:37,"Morales, Higgins and Castillo",0
612,338.13990438247566,2023-09-26 06:38:04,Miller-Hays,0
613,970.5231999023816,2023-12-14 07:13:52,"Young, Garza and Brown",0
614,134.3059923138584,2023-09-13 22:01:28,Rodriguez LLC,0
615,97.70714922519583,2024-05-05 18:32:04,Bell Inc,0
616,344.04833706212514,2023-12-16 11:55:32,"Brown, Page and Watson",0
617,591.4358739696207,2023-07-23 01:59:54,Lewis Ltd,0
618,659.5172953781782,2023-08-07 08:08:27,"Payne, Owens and Taylor",0
619,397.859490420874,2023-09-19 22:28:39,"Bridges, Sloan and Smith",0
620,999.278715928249,2023-10-16 18:35:56,Williams-Jones,0
621,352.5411031968496,2024-01-27 00:23:48,"Ho, Stanley and Waters",0
622,721.6852612919924,2024-03-14 04:43:53,Thomas-Lee,0
623,637.9451118362621,2024-01-09 01:01:50,"Martinez, Cameron and Johnston",0
624,813.2408093842132,2023-11-10 08:15:27,Taylor-Hurst,0
625,976.2494377903662,2024-03-17 13:32:41,Ochoa LLC,0
626,889.9038627890947,2024-06-03 09:57:02,Rodriguez PLC,0
627,764.7974123833509,2023-08-17 17:46:03,Lopez-Le,0
628,698.5502293404722,2024-05-13 18:06:42,Edwards Ltd,0
629,336.1626715062237,2023-08-08 23:55:07,Patterson-Anderson,0
630,148.53789262850066,2024-02-15 12:56:20,Chen Group,0
631,63.57336705674995,2024-04-24 20:50:32,Lee and Sons,0
632,242.65980249728335,2023-08-29 18:31:36,"Turner, Richardson and Williams",0
633,432.8491997001173,2024-01-15 02:21:01,Baird LLC,0
634,522.4742773563524,2023-10-23 18:18:07,"Turner, Bradford and Martin",0
635,773.3104705008168,2024-03-04 23:39:00,Carrillo-Carr,0
636,958.7821821335364,2023-07-28 15:34:10,Conner and Sons,0
637,118.20315990442622,2024-04-14 14:36:08,"Adams, Lee and Rodriguez",0
638,107.89713605359778,2024-06-02 11:38:59,Stokes-Reeves,0
639,590.1050282905372,2024-06-13 17:35:47,"Bowman, Wilson and Brooks",0
640,745.6526758733456,2024-02-13 15:45:30,Gomez LLC,0
641,848.3022299666379,2024-04-30 16:55:02,"Ritter, Martin and Townsend",0
642,935.8962481365718,2023-12-07 09:33:30,Young-Bradley,0
643,983.4428160183813,2023-10-13 04:20:42,Jensen-Duke,0
644,400.40189053230137,2024-07-05 14:43:18,Barnes-Miller,0
645,380.95484834404556,2024-05-24 11:30:25,"Maldonado, Singh and Key",0
646,148.6608680205751,2024-07-02 18:01:33,Mcgee PLC,0
647,685.2495042448759,2024-05-04 09:25:51,"Alexander, Skinner and Reese",0
648,657.1051964823962,2024-03-08 17:12:44,Lee Inc,0
649,862.200533255356,2024-02-13 15:10:53,Rios-Rivers,0
650,98.16073679285299,2024-03-06 23:23:37,"Davis, Snyder and Rios",0
651,498.27913091751645,2023-11-06 02:50:10,Hansen LLC,0
652,581.500847742391,2023-09-15 02:05:02,"Bradley, Carter and Powers",0
653,242.3154829998785,2023-08-14 13:33:44,Powell-Evans,0
654,169.85638072303212,2024-06-02 16:00:42,Silva Ltd,0
655,859.7212555832018,2023-11-04 04:18:01,"Norton, Jimenez and Young",0
656,59.47638731332322,2023-11-04 22:07:53,White and Sons,0
657,471.1502830141548,2023-08-29 13:06:17,Moore-Andrade,0
658,116.7181672995844,2024-06-21 18:08:32,Haney PLC,0
659,457.60170257003597,2024-04-24 08:14:11,"Short, Harris and Raymond",0
660,979.9823640159669,2023-07-18 16:25:11,Baxter-Wood,0
661,424.28264710201734,2024-01-09 11:05:33,Palmer-Morgan,0
662,857.2677925870628,2024-06-12 14:19:31,Gray-Myers,0
663,118.1982486190107,2024-03-18 16:19:16,Ponce and Sons,0
664,271.9808246851023,2024-02-17 11:35:14,Chaney and Sons,0
665,404.3889479266672,2023-10-16 19:05:38,Fischer Inc,0
666,400.4123278693214,2023-10-10 20:33:12,"Newton, Lambert and Johnson",0
667,671.712095191483,2024-06-18 22:13:41,Martinez-Thompson,0
668,345.37340924813213,2024-02-11 14:08:18,"Luna, Lozano and Nguyen",0
669,714.0531015416063,2023-09-24 20:15:13,Tanner LLC,0
670,639.5477123261671,2024-05-29 06:08:44,"Lane, Grimes and Irwin",0
671,399.7619841095183,2024-02-08 17:57:18,"Smith, Thompson and Graves",0
672,432.3283675266649,2024-06-07 22:13:01,"Medina, Cooper and Brown",0
673,614.9131721105105,2023-10-31 21:25:16,"Anderson, Curtis and Turner",0
674,70.97214795449999,2023-07-27 20:34:13,"Lopez, Sharp and Collins",0
675,822.5843316173347,2024-01-02 23:22:33,Martinez-Phillips,0
676,653.7677399525232,2023-11-17 23:00:56,"Riley, Ramos and Fernandez",0
677,726.6161219534174,2023-07-28 00:14:06,"Stephens, Silva and Jackson",0
678,537.386078081308,2023-09-18 14:23:13,Carroll-Collins,0
679,111.36663388075299,2023-09-28 17:17:03,Martin-Clark,0
680,405.630577683653,2024-01-11 11:55:41,"Thomas, Davis and Phillips",0
681,405.9682092657075,2024-02-11 01:43:48,Harris and Sons,0
682,321.72194705317366,2024-03-27 12:29:56,"Randall, Compton and Harris",0
683,30.92037457984461,2023-08-17 02:12:20,"Preston, Santos and Levine",0
684,737.5169883538808,2023-12-29 05:19:38,"Shaw, Weaver and Hicks",0
685,110.6746736044382,2024-03-03 17:14:15,Barton-Simon,0
686,606.70182491204,2024-06-05 02:02:34,"Harris, Horton and Vasquez",0
687,703.5142789707486,2024-01-21 22:18:47,"Smith, Jones and Davis",0
688,635.151536610761,2023-12-10 08:09:23,Sullivan-Clark,0
689,959.183109725997,2024-01-22 15:34:51,Gentry-Griffith,0
690,104.19485693005348,2023-10-30 12:40:02,"Graham, Harris and Webster",0
691,867.299991946094,2024-05-21 23:12:02,Thompson-Miller,0
692,30.16104461406434,2024-01-07 09:22:17,Gonzalez-Rodriguez,0
693,535.3819380721569,2024-04-08 05:08:49,Sanchez and Sons,0
694,404.8393743213195,2024-02-02 05:09:49,"Franklin, Thomas and Vega",0
695,524.6596765333644,2023-11-23 19:05:58,Larsen-King,0
696,365.73477718294976,2024-03-01 18:33:33,May-Melton,0
697,191.37634802512798,2024-04-24 21:15:03,Henderson-Price,0
698,20.10377455124109,2023-08-04 02:09:30,Hernandez-Ellis,0
699,518.6316639773831,2024-04-20 19:39:30,Walker Ltd,0
700,842.9340858221575,2024-03-24 20:27:21,"Jackson, Patrick and Suarez",0
701,373.84273978904935,2023-11-17 07:05:08,Davidson LLC,0
702,223.64095419696525,2024-06-20 15:17:21,Parker Group,0
703,81.45147146837223,2024-03-12 23:43:39,"Payne, Franklin and Black",0
704,86.22561219558466,2023-10-13 19:33:13,"Peterson, Sanchez and Reid",0
705,222.17504984647945,2023-11-18 05:39:51,Hudson PLC,0
706,100.91404686063363,2024-04-27 18:19:59,Hall-Lopez,0
707,265.77465866611755,2023-09-14 03:04:30,Smith Inc,0
708,67.08331265483775,2023-11-18 10:01:37,Scott PLC,0
709,66.53926234271572,2024-05-31 08:11:57,"Pittman, Hall and Davis",0
710,856.4199034431591,2024-06-04 02:53:19,Phillips-Joseph,0
711,162.9581404481244,2024-05-05 21:15:12,Mcmahon Ltd,0
712,560.1227234176246,2024-04-13 03:57:46,Floyd and Sons,0
713,773.6820889045815,2024-04-14 20:01:17,Kennedy-Tucker,0
714,456.95315577372753,2024-01-06 14:53:19,Hayes-Turner,0
715,154.21550898148638,2024-07-09 02:50:18,King Group,0
716,200.39654597799424,2024-02-09 04:14:24,Jones PLC,0
717,433.55122207489956,2024-03-27 19:08:05,"Nguyen, Greene and Brown",0
718,528.7058550893572,2024-05-05 09:41:02,Rodriguez Group,0
719,350.09085175648636,2024-03-02 15:34:28,"Wilson, Valentine and Schmitt",0
720,781.6981206344267,2024-03-20 20:00:27,Young-Ross,0
721,751.270627207542,2024-01-13 05:07:38,Clark Group,0
722,927.2845955657448,2024-01-29 21:46:45,"Turner, Salinas and Taylor",0
723,29.92359647793358,2024-02-17 18:06:04,Crawford-Wilson,0
724,895.7955999189932,2023-09-22 16:54:29,Harvey-Forbes,0
725,393.1762196736889,2024-02-13 13:44:37,Alvarado-Murphy,0
726,878.4941228846141,2024-03-31 14:01:32,Lynch-Lozano,0
727,691.093991380373,2024-02-09 21:16:21,"Thompson, Kane and Camacho",0
728,987.3614083168942,2024-02-12 00:28:41,"Leblanc, Hickman and Dalton",0
729,759.5231692649514,2024-03-09 22:26:59,Hogan Ltd,0
730,365.1800813707898,2024-01-26 19:40:52,Rodriguez Inc,0
731,501.56210966191736,2024-03-05 02:12:15,Miller PLC,0
732,377.0127660391569,2023-08-24 14:33:35,Benson PLC,0
733,365.5469241852169,2023-08-24 23:31:36,"Guerrero, Escobar and Lyons",0
734,261.64359488167867,2023-11-27 02:16:28,Richardson-Cruz,0
735,496.4743250780961,2024-05-08 14:20:50,Garrett Inc,0
736,682.0582051242918,2024-06-10 09:46:22,Scott LLC,0
737,278.0629310339383,2024-05-24 18:51:22,"Burke, Walsh and Burke",0
738,524.8554312661428,2024-06-18 05:02:33,Howe-Castillo,0
739,118.26291387638662,2023-10-23 08:51:30,Fowler LLC,0
740,160.6854415673371,2024-03-05 07:38:05,Knox-Walsh,0
741,47.75954835747656,2023-08-25 16:56:32,"Dixon, Barron and Salazar",0
742,970.7607113278622,2024-05-08 07:34:58,Carter LLC,0
743,4.856491158750834,2024-01-22 01:11:19,"Braun, Cox and Alexander",0
744,179.40138808959864,2024-02-11 15:23:06,"Campos, Castro and Anderson",0
745,613.2538863638754,2024-03-12 14:07:52,"Newton, Coleman and Marks",0
746,82.28822925445199,2023-10-15 10:35:05,Scott LLC,0
747,882.0146065937355,2024-02-21 11:54:48,Obrien-Rogers,0
748,719.9005376844459,2024-02-13 13:01:50,"Berry, Galloway and Collins",0
749,966.4235814664555,2023-07-14 05:48:05,Snyder-Peters,0
750,508.1279116935241,2023-12-01 09:01:38,Edwards-Johns,0
751,301.1032794753287,2023-09-30 21:47:06,Jones PLC,0
752,549.9510722224761,2023-11-30 09:13:08,Cantu-Anderson,0
753,930.8878985806751,2023-11-10 15:50:06,Jones Group,0
754,521.2406758046187,2023-11-19 08:45:45,Gregory-Huynh,0
755,267.9398248304563,2023-08-24 14:43:52,Hunt PLC,0
756,877.5213903849454,2024-01-20 10:09:11,Lucero PLC,0
757,372.54682976394884,2024-04-27 23:08:22,May-Hernandez,0
758,2.38196664900014,2024-02-22 14:07:49,"King, Donaldson and Duffy",0
759,248.43733746982363,2023-12-14 12:45:57,Anthony-Fox,0
760,318.91527566788534,2023-11-16 11:06:43,Faulkner-Mora,0
761,858.9186907636703,2023-11-02 05:31:51,"Underwood, Frank and Hayes",0
762,459.0446638993786,2024-03-20 13:15:19,Richardson and Sons,0
763,445.14270052348945,2023-12-30 05:51:55,Brown-Wilson,0
764,336.7661641334875,2023-12-06 07:56:52,Wise-Moreno,0
765,880.7974449240326,2024-04-17 08:19:27,Sullivan Inc,0
766,945.081750163451,2023-08-13 18:29:20,Powell Inc,0
767,991.8984388254747,2023-09-21 23:59:04,Lloyd PLC,0
768,377.36452569402576,2024-03-26 23:32:00,Knight and Sons,0
769,966.1812981815442,2024-01-12 07:50:02,"Hawkins, Hall and Herman",0
770,792.0876900612705,2023-09-01 10:27:12,"Mcguire, Keller and Brown",0
771,676.0134584966225,2023-08-24 11:00:32,Newton Inc,0
772,245.6445899406793,2024-07-04 18:10:03,Jimenez PLC,0
773,217.2408036832656,2024-05-19 11:35:46,Hayes-West,0
774,166.88177669672442,2023-08-12 17:03:52,Mcgee-Jones,0
775,922.83385361514,2024-04-20 20:21:25,Sanchez-Mcclain,0
776,294.78258572078295,2023-10-23 09:48:32,Saunders-Ramirez,0
777,453.64115120342956,2023-10-05 08:41:38,Ortiz Inc,0
778,494.46387615323624,2024-05-24 17:45:19,Bennett LLC,0
779,778.3934238548039,2024-07-09 07:12:26,"Taylor, Nguyen and Davis",0
780,844.3907265914711,2024-01-30 21:30:15,"Obrien, Miller and Brown",0
781,139.9336284474642,2023-12-06 09:13:51,Brown-Harper,0
782,427.4774558508626,2024-03-22 01:00:09,Irwin-Arroyo,0
783,843.0120329476217,2024-05-30 03:22:16,"Case, Oconnell and Lewis",0
784,818.2152724500826,2024-01-30 22:48:26,"Oneill, Montoya and Cline",0
785,103.31134469396399,2024-02-02 07:46:05,Henson Inc,0
786,157.22696551909505,2024-06-06 09:57:04,Beck and Sons,0
787,304.8944929078084,2023-12-21 23:53:31,Reynolds-Smith,0
788,76.283710014257,2024-02-19 07:19:52,"Casey, Hughes and Mitchell",0
789,425.2383398377523,2023-12-13 08:14:18,Morris Ltd,0
790,108.51008744443233,2023-09-24 09:22:56,"Martinez, Dennis and Warner",0
791,568.6493760761751,2023-09-09 20:46:05,Thomas-Diaz,0
792,247.31038287134496,2023-11-13 04:11:26,Lewis PLC,0
793,596.836632284273,2023-12-09 16:36:49,Smith-Hensley,0
794,118.40811726073402,2023-10-08 19:53:10,Brown PLC,0
795,975.9079845501149,2023-10-21 12:26:04,Ferrell-Campbell,0
796,932.6286426534831,2024-01-06 03:10:42,Carey-Cole,0
797,392.4051416261011,2023-12-31 14:40:13,Schneider Group,0
798,242.93641553195937,2024-02-20 10:33:41,Watson-Webb,0
799,251.1478146407192,2023-07-13 09:48:34,"Hayes, Bradley and Schmidt",0
800,483.91014166718963,2023-10-25 01:57:22,Watson PLC,0
801,40.95280909881625,2024-01-11 21:38:04,Murray LLC,0
802,640.0654009690519,2023-10-10 13:51:33,Spencer-Weeks,0
803,408.89460543140507,2024-07-10 22:09:19,Nguyen-Mills,0
804,378.02916601629846,2023-10-15 16:26:01,"Hart, Marsh and Lopez",0
805,809.5556065177092,2024-06-11 18:30:28,Bailey Group,0
806,709.3264247231067,2024-06-28 17:50:14,Frederick-Wallace,0
807,954.3794815772993,2023-07-18 05:00:14,Graham PLC,0
808,352.58430425519504,2023-11-07 13:49:09,"Haley, West and Crawford",0
809,897.6452218847561,2023-09-15 22:12:10,Hayes-Kelley,0
810,770.1972190638388,2023-10-15 06:53:24,Mitchell Ltd,0
811,358.0672269431183,2023-10-22 17:44:41,"Monroe, Buchanan and Burns",0
812,622.0437710168045,2023-09-26 22:57:48,Jackson-Holloway,0
813,289.2813876940439,2024-05-08 16:47:55,Lambert Inc,0
814,874.5255171577675,2024-07-12 02:47:11,"Lang, Pratt and Mcdaniel",0
815,113.31488989509894,2023-10-30 23:32:03,Harrell LLC,0
816,213.22192693274698,2024-04-13 13:01:07,Mcdonald-Collins,0
817,183.85025878784123,2024-02-23 08:33:16,Smith and Sons,0
818,403.6229764018844,2024-02-08 08:49:37,Walsh-Rodriguez,0
819,745.487727072097,2023-07-15 21:03:56,Fisher-Johnson,0
820,527.3805416031281,2024-02-01 00:40:36,Wagner Ltd,0
821,488.18864721466934,2023-07-19 13:33:05,"Dixon, Diaz and Middleton",0
822,1.5454189320986587,2023-11-01 12:04:22,Holt Group,0
823,425.97632362969966,2024-04-03 16:40:02,"Ashley, Wolfe and Curtis",0
824,64.49022106132227,2024-05-11 18:56:49,Jenkins-Davis,0
825,209.04499886936233,2024-07-10 14:37:49,Taylor-Arias,0
826,932.4615450215339,2024-06-27 02:54:32,"Spencer, Mclaughlin and Copeland",0
827,216.18280613889496,2024-05-05 21:36:22,"Williams, Lopez and Kelly",0
828,858.4793009956283,2024-02-19 12:43:47,King-Love,0
829,803.0904781897729,2023-12-13 16:13:49,"Hoover, Anderson and White",0
830,159.9870907053006,2023-09-12 06:21:22,Parker-Kirby,0
831,606.1062453130086,2023-08-25 14:04:30,Moore-Scott,0
832,116.5462100331083,2024-05-22 09:16:12,Steele Inc,0
833,728.160270211142,2024-05-10 20:37:22,"Jackson, Delgado and Delgado",0
834,637.8248150948344,2024-06-29 21:41:28,"Bradshaw, Sparks and Lawrence",0
835,812.1266231293283,2023-08-22 02:51:30,Guzman PLC,0
836,479.9051648397989,2023-12-18 17:29:54,Rich LLC,0
837,914.9482247455495,2024-01-27 19:03:15,"Stewart, Hernandez and Carson",0
838,50.29959784165127,2024-01-12 04:26:49,Kane-Hill,0
839,293.59567646198764,2023-07-25 08:04:20,Erickson-Taylor,0
840,715.3375448677018,2023-12-20 22:52:13,"Robinson, Rios and Thomas",0
841,418.69110253625286,2024-02-24 19:21:03,"Rice, Hendricks and Herring",0
842,173.77840291688523,2023-12-24 12:15:08,Green-Bennett,0
843,108.10353468311749,2024-05-12 21:29:07,Wilson PLC,0
844,817.5217723501598,2023-07-30 02:31:56,"Moore, Gomez and Cross",0
845,473.6698354871786,2024-01-01 17:08:02,Jennings Group,0
846,882.4013882471883,2024-05-02 08:49:14,"Smith, Oconnell and Gonzalez",0
847,733.5558451824094,2023-12-13 12:30:59,Hale PLC,0
848,410.31647942511285,2024-01-30 05:40:19,Vasquez-Ross,0
849,374.137503141528,2024-01-04 17:57:23,Little and Sons,0
850,516.1227083046005,2023-09-11 23:38:41,Nunez-Mcintyre,0
851,889.1708932365389,2024-04-22 04:53:34,"Hunter, Anderson and Burke",0
852,737.5413011344538,2023-08-06 06:49:45,Simpson LLC,0
853,6.147811304754207,2023-09-15 08:23:49,Walker-Rodriguez,0
854,694.4636935177564,2024-06-03 14:58:45,"Henry, Hale and Rosario",0
855,919.5878994989148,2024-05-19 03:20:26,Mack Group,0
856,710.745303744987,2024-01-18 07:38:56,Holmes-Jackson,0
857,177.82877578592843,2023-12-11 04:58:50,Gallegos-Watson,0
858,484.03460930003126,2024-01-15 18:05:36,Cain-Anderson,0
859,141.175701905496,2023-10-16 03:13:31,"Ross, Anderson and Shepherd",0
860,359.63628306129243,2023-12-30 03:05:14,Wilkerson LLC,0
861,937.1799248985772,2023-09-09 09:28:58,Campbell PLC,0
862,923.3820022511496,2024-05-28 10:12:56,Bush-Scott,0
863,283.5540153239068,2024-01-25 04:45:09,Griffith-Francis,0
864,340.29141312203296,2024-02-12 06:43:44,"Williamson, Moore and Lester",0
865,600.6126552631627,2024-01-28 23:10:06,Wallace-Lopez,0
866,963.2340979651196,2023-10-16 07:20:16,Wood Inc,0
867,148.65353273132504,2023-10-12 06:12:34,Chan-Sharp,0
868,257.65972704298247,2024-04-11 13:15:18,Brown Group,0
869,873.6832704634807,2023-08-20 05:09:50,Mullins Group,0
870,492.4003394766362,2024-07-08 06:52:41,"Hanson, Henderson and Sheppard",0
871,899.0621311348046,2024-01-19 22:44:49,"Lawrence, Gutierrez and Dominguez",0
872,186.3323796256531,2024-05-30 20:56:09,Nguyen-Williams,0
873,533.1359188838893,2024-04-14 12:11:37,Collins Inc,0
874,326.94336301672297,2023-12-19 04:09:38,Wright Ltd,0
875,317.2260173325836,2024-04-10 17:25:57,"Gomez, Bray and Stein",0
876,447.43008698225293,2023-08-22 23:11:07,Walton-Stewart,0
877,433.6443716521672,2023-11-24 00:00:02,"Galloway, Harris and Travis",0
878,357.98953279827646,2024-07-12 00:29:27,Lucero-Cardenas,0
879,915.055799545303,2024-01-02 04:52:29,Andrews PLC,0
880,732.0124412474598,2024-01-13 15:39:24,Davis Group,0
881,727.8194443401982,2023-12-30 06:29:38,Pierce-Hunt,0
882,290.6235361423635,2023-08-01 09:38:00,Sandoval LLC,0
883,578.1317148925235,2024-01-28 02:04:58,"Hernandez, Lee and Kennedy",0
884,779.4002538685322,2024-02-25 08:10:43,Johnson Inc,0
885,795.7947781746699,2024-06-10 22:38:48,Duncan Inc,0
886,345.18593029355793,2023-10-15 00:03:13,"Aguilar, Gonzalez and Gonzalez",0
887,771.1018838120792,2023-08-14 01:07:02,Elliott PLC,0
888,736.1580029109252,2024-07-07 09:15:02,Hayes-Williams,0
889,142.36497913627838,2024-01-06 07:27:30,"Martinez, Brown and Humphrey",0
890,866.0795230979107,2024-01-27 03:14:19,Reyes PLC,0
891,441.8801487102304,2024-04-22 12:04:46,"Schultz, Morgan and Sanchez",0
892,486.9240384397768,2023-11-12 10:03:52,Rice-Sherman,0
893,448.92080971909934,2024-06-04 10:10:27,Brewer and Sons,0
894,568.2781554760301,2024-06-05 08:43:48,Rodriguez-Lee,0
895,621.5480781196876,2024-03-27 03:32:20,Peters PLC,0
896,498.6813861971805,2024-01-31 02:47:51,Campbell PLC,0
897,866.9217547158365,2024-01-05 19:44:13,Blair-Erickson,0
898,628.1070214390891,2023-08-19 00:00:32,Davis and Sons,0
899,402.0265213562144,2023-10-18 19:36:11,Patterson-Clark,0
900,417.27506515180227,2024-06-23 11:33:25,Joyce-Brown,0
901,811.0277765138225,2023-10-24 07:50:54,Lee and Sons,0
902,348.84375080377356,2024-04-22 18:49:31,"Scott, Chavez and Hill",0
903,212.24334098663113,2024-03-13 12:32:12,Coleman-Medina,0
904,60.32380481778345,2023-11-10 02:13:55,"Flynn, Rodriguez and Haynes",0
905,876.1508210726536,2023-12-14 01:05:33,Terry-Griffin,0
906,918.6279047391596,2023-10-31 16:01:13,Thomas Inc,0
907,121.0000619813125,2023-12-14 20:01:20,"Johnson, Duncan and Wood",0
908,335.13926775461874,2024-05-07 23:10:37,Williams Inc,0
909,176.19669744572863,2023-09-27 09:16:32,"Lopez, Bryant and Brown",0
910,116.78257035705386,2024-05-24 06:24:16,Flowers-Brown,0
911,899.9668762570302,2023-09-27 00:18:24,"Reese, Ellison and Cox",0
912,57.82038188621011,2023-11-23 07:04:10,Carson-Johnson,0
913,980.5051778055378,2023-08-27 00:56:44,"Guzman, Brown and Watson",0
914,97.3544098366868,2023-12-22 17:04:53,Atkinson-Williams,0
915,863.6071785443921,2023-11-08 10:02:55,"Rivas, Wilson and Zamora",0
916,566.9396008821735,2024-02-25 04:14:30,Mills Ltd,0
917,368.5495703300555,2023-09-04 20:15:07,Jackson PLC,0
918,343.0000342485327,2023-08-01 14:25:13,Shepherd Ltd,0
919,757.606779094471,2024-06-17 10:51:29,Blanchard-Mills,0
920,315.25872170928295,2023-10-01 21:15:21,Kelly-Green,0
921,657.6615977005247,2024-03-12 19:30:21,Dunlap and Sons,0
922,517.808757432564,2023-11-22 22:35:02,Holland-Roberts,0
923,485.48067951291245,2023-09-18 10:18:26,Howard Inc,0
924,901.2610084785124,2024-03-09 17:51:02,Henry-Rogers,0
925,555.0904135616394,2024-07-01 06:02:40,Mcknight-Lang,0
926,827.0347414456462,2023-10-02 10:40:39,"Holmes, Gray and Smith",0
927,725.8479605673879,2023-09-18 01:35:55,"Brooks, Hanson and Lucero",0
928,39.51868881293935,2023-11-26 09:21:47,Jackson Ltd,0
929,773.3369424529138,2024-04-07 02:57:24,Ballard Inc,0
930,217.6533798409496,2023-08-16 12:14:54,"Burns, Collins and Hart",0
931,903.24649720472,2024-01-18 13:53:58,"Parker, Jenkins and Mullins",0
932,43.881266418223184,2024-03-28 20:12:26,Schwartz Inc,0
933,333.73896243984444,2023-07-30 00:46:52,"Brewer, Ford and Griffin",0
934,100.63321428751925,2024-05-31 08:49:51,"Richardson, Baker and Thornton",0
935,476.1135279677589,2023-07-18 12:32:42,Watts LLC,0
936,820.202413433882,2024-02-26 06:57:33,"Mills, Smith and Burns",0
937,298.88917230340104,2024-01-13 06:13:18,Castro-Macias,0
938,151.78396241373056,2023-12-27 07:17:47,Bradley Inc,0
939,330.9367686612023,2024-07-07 09:12:27,Wagner Inc,0
940,814.0662617787153,2024-04-07 20:57:24,Johnson LLC,0
941,141.24357384154752,2023-08-21 03:59:36,Alexander-Davis,0
942,228.1350866284243,2024-06-30 22:24:47,Simmons Ltd,0
943,69.78311252888057,2023-07-18 03:36:14,"Ryan, Combs and Nixon",0
944,706.0043339456181,2023-09-03 22:51:27,Arnold-Williams,0
945,395.8380102928005,2024-06-12 14:25:23,"Pearson, Ramos and Leblanc",0
946,311.5291371661727,2024-02-25 13:50:06,Goodwin LLC,0
947,718.9077639508108,2024-07-04 01:45:54,Hall and Sons,0
948,336.64156479791495,2023-08-17 17:38:15,Love-Tate,0
949,728.0435019412037,2023-08-10 05:15:50,Watson-Collins,0
950,815.3841959189992,2024-01-30 20:08:55,"Osborne, Keller and Collins",0
951,218.4451806142807,2024-06-01 19:44:35,Fowler and Sons,0
952,973.8448781491373,2023-12-30 02:45:00,Thompson Ltd,0
953,163.1955899647541,2024-03-18 08:16:58,Baker Group,0
954,291.5500657500858,2024-06-26 02:34:02,Hughes PLC,0
955,180.6154955427081,2023-11-06 02:33:47,Pratt PLC,0
956,346.16015069997815,2024-04-16 11:06:14,"Cooper, Lee and Kirk",0
957,480.5808269329349,2023-09-11 00:54:09,Michael-Whitehead,0
958,522.653693133117,2024-06-19 09:00:02,Beck LLC,1
959,853.7524362539757,2024-06-20 03:38:13,Kennedy and Sons,0
960,889.5584609070506,2023-10-25 02:59:33,Walker Inc,0
961,220.88375692012548,2023-12-19 12:23:53,Benson-Shepherd,0
962,623.2711381535667,2023-09-11 10:04:35,Mcgee Group,0
963,112.38456124141688,2024-01-06 22:10:29,Acevedo and Sons,0
964,459.5108903218862,2024-04-24 07:54:36,"Sexton, Murphy and Cannon",0
965,323.0112045085715,2024-06-11 17:56:24,"Thomas, Fleming and Collins",0
966,317.1842447081528,2024-03-01 13:45:00,Clayton PLC,0
967,483.1016574703889,2023-09-30 05:30:20,Jones and Sons,0
968,730.0978078937383,2024-02-19 19:42:20,"Walker, Little and Parker",0
969,70.1134761335971,2023-10-30 23:43:42,Shannon-Harrell,0
970,879.2941643497171,2024-06-21 03:06:48,Maynard Ltd,0
971,735.0789608559305,2024-01-03 17:12:56,Brewer Group,0
972,177.32288950017107,2023-09-18 04:44:34,Williams-Kelly,0
973,939.221748178283,2023-11-26 12:01:06,Schaefer LLC,0
974,506.8059117993652,2024-06-28 13:24:06,Rose LLC,0
975,999.8087695388483,2024-06-17 09:45:28,Spears-Bird,0
976,198.0622148264369,2024-03-19 07:30:32,Gray PLC,0
977,535.3732901848182,2024-01-10 09:49:11,Sanders-Jarvis,0
978,290.9577945173685,2023-09-02 05:11:44,"Jones, Colon and Torres",0
979,304.8693838318573,2023-12-22 03:10:26,Mendoza Inc,0
980,591.4743154531562,2023-11-25 14:56:13,Brooks Group,0
981,921.7973478039625,2023-10-26 07:31:01,Rios-Price,0
982,805.4585917235959,2024-04-09 06:26:12,"Conner, Cohen and Baker",0
983,724.2174571028246,2024-06-10 03:50:39,Gonzalez-Short,0
984,559.6146083196005,2023-09-10 21:45:33,Maxwell-Cooley,0
985,922.3762051637802,2024-04-30 01:52:18,Owens-James,0
986,492.86904528419325,2024-02-11 04:29:16,Hughes PLC,0
987,873.9583461563834,2023-11-17 03:17:09,"Payne, Mckee and Garcia",0
988,834.1476622327551,2023-11-27 01:04:41,"Mora, Austin and Collins",0
989,214.62151145478498,2023-08-23 08:44:24,"Vargas, Duncan and White",0
990,771.4542375029444,2023-09-04 16:48:32,Mcguire LLC,0
991,13.158985786315506,2024-03-05 23:26:10,Vega and Sons,0
992,323.50670801053946,2023-09-26 12:10:01,Graham Inc,0
993,230.33787724725784,2023-11-03 13:11:22,Clark-Baker,0
994,507.35609552882613,2023-10-16 02:58:17,Higgins-Campbell,0
995,737.1163085191047,2023-07-14 09:13:23,Mullins PLC,0
996,98.5786910802764,2023-10-27 01:16:41,Reeves Inc,0
997,515.4072797348316,2023-12-23 12:21:53,"Rivera, Andrews and Deleon",0
998,938.4736096726913,2023-09-29 10:50:01,"Davis, Garza and Ingram",0
999,229.41790443196257,2024-03-18 07:13:07,"Gates, English and Jimenez",0
1000,677.4640029673127,2023-07-30 23:23:10,Solis-Nielsen,0
